record_id,client_name,unit_number,move_in_date,active_status,balance_cents,email,phone,company_id
1067,Lisa Anderson,8A,2024-03-15,1,139084,user67@example.com,5552435480,COMP067
1200,,45A,2024-03-15,1,91500,user200@example.com,5557645788,COMP200
1218,Ahmed Hassan,42C,2024-03-03,0,128920,user218@company47.com,5553461244,COMP218
1158,,33A,2024-03-15,1,126400,user158@example.com,5558848231,COMP158
1391,Maria Garcia,47C,2024-09-25,1,282858,user391@company26.com,5554272818,COMP391
1120,Fatima Al-Zahra,,2024-03-15,1,62400,user120@example.com,5555821246,COMP120
1014,Priya Sharma,11A,,1,287900,user14@example.com,5556505417,COMP014
1320,Diego Martinez,40C,2024-04-24,1,165285,user320@company20.com,5551166984,COMP320
1362,Robert Brown,32B,2024-03-19,0,498002,user362@company8.com,5553623491,COMP362
1486,Robert Brown,16C,2024-07-27,0,147269,user486@company44.com,5553777023,COMP486
1314,Carlos Rodriguez,50A,2024-02-28,0,109082,user314@company18.com,5553170320,COMP314
1170,Emma Thompson,36A,2024-03-15,1,229900,user170@example.com,5557919843,COMP69
1400,Ahmed Hassan,21C,2024-07-20,1,425973,user400@company28.com,5559580753,COMP400
1208,David Chen,44C,2024-03-12,0,427536,user208@company39.com,5556443518,COMP208
1343,James Wilson,15A,2024-06-16,0,467870,user343@company32.com,5556340190,COMP343
1377,Sarah Johnson,5,2024-12-04,1,442774,user377@company39.com,5557380381,COMP377
1312,Sarah Johnson,37A,2024-09-11,0,435426,user312@company9.com,5559888112,COMP312
1099,Elena Petrov,50A,2024-03-15,1,35849,user99@example.com,5558446788,COMP099
1299,Elena Petrov,47B,2024-03-28,1,230175,user299@company48.com,5552566171,COMP299
1074,Yuki Tanaka,32A,2024-03-15,1,0,user74@example.com,5552046144,COMP074
1207,Carlos Rodriguez,33B,2024-02-01,1,95864,user207@company11.com,5553607127,COMP207
1387,Mohammad Ali,2A,2024-04-23,0,417122,user387@company32.com,5552509232,COMP387
1329,James Wilson,18A,2024-02-24,1,159568,user329@company49.com,5554283924,COMP329
1459,James Wilson,25B,2024-10-17,1,429708,user459@company21.com,5559425293,COMP459
1266,Kevin O'Brien,33A,2024-11-08,0,129671,user266@company1.com,5559182924,COMP266
1328,Anna Kowalski,44C,2024-10-23,0,280594,user328@company15.com,5555671602,COMP328
1075,Carlos Rodriguez,29A,2024-03-15,1,189167,user75@example.com,5556357928,COMP075
1370,Sofia Andersson,26B,2024-01-26,1,476573,user370@company26.com,5559522394,COMP370
1479,Sofia Andersson,24A,2024-06-17,0,358394,user479@company3.com,5552964578,COMP479
1042,Kevin O'Brien,19A,2024-03-15,1,0,user42@example.com,5551357226,COMP042
1442,James Wilson,45C,2024-11-21,1,281709,user442@company47.com,5555392570,COMP442
1116,Maria Garcia,42A,2024-03-15,1,175800,,5557423744,COMP116
1032,,22A,2024-03-15,1,92200,user32@example.com,5559224476,COMP032
1271,Kevin O'Brien,42A,2024-08-14,1,200088,user271@company22.com,5555790256,COMP271
1298,Elena Petrov,5B,2024-10-09,1,121368,user298@company39.com,5558272226,COMP298
1102,Carlos Rodriguez,35A,2024-03-15,1,192600,user102@example.com,5551378260,COMP102
1093,Fatima Al-Zahra,2A,2024-03-15,1,88200,,5554004980,COMP093
1269,Anna Kowalski,24C,2024-09-04,0,121074,user269@company50.com,5551841034,COMP269
1443,Fatima Al-Zahra,15,2024-06-12,1,214252,user443@company9.com,5559798925,COMP443
1137,James Wilson,15A,2024-03-15,1,129600,user137@example.com,,COMP137
1017,Mr. Robert Brown Jr.,9A,2024-03-15,1,193500,user17@example.com,5555810117,COMP017
1290,Emma Thompson,24A,2024-06-11,1,150650,user290@company9.com,5556339944,COMP290
1353,Lisa Anderson,23B,2024-06-18,0,259442,user353@company1.com,5559578242,COMP353
1201,Priya Sharma,40B,2024-07-11,0,450008,user201@company21.com,5551666465,COMP201
1453,Michael Taylor,26,2024-07-03,1,78228,user453@company45.com,5553420772,COMP453
1421,John Smith,5A,2024-11-23,0,91559,user421@company1.com,5551115770,COMP421
1483,James Wilson,2A,2024-06-16,0,261810,user483@company22.com,5558546730,COMP483
1191,Carlos Rodriguez,36A,2024-03-15,1,59100,,5551411780,COMP191
1437,James Wilson,19B,2024-03-24,0,479972,user437@company44.com,5553991801,COMP437
1215,Priya Sharma,38,2024-10-21,1,173523,user215@company30.com,5558227906,COMP215
1053,David Chen,45A,2024-03-15,1,59300,user53@example.com,,COMP053
1366,Kevin O'Brien,4B,2024-01-08,0,367973,user366@company21.com,5552652019,COMP366
1372,Emma Thompson,35,2024-05-22,0,216873,user372@company5.com,5552409758,COMP372
1449,Mohammad Ali,30B,2024-12-10,1,198572,user449@company20.com,5558161228,COMP449
1140,Emma Thompson,33A,2024-03-15,1,115100,user140@example.com,6695437056,COMP140
1258,Robert Brown,23,2024-10-17,0,275881,user258@company4.com,5557888825,COMP258
1431,Sofia Andersson,27,2024-01-20,1,330155,user431@company10.com,5554073561,COMP431
1278,Priya Sharma,22B,2024-03-02,1,172605,user278@company4.com,5554934957,COMP278
1248,Mohammad Ali,19C,2024-11-24,1,91345,user248@company14.com,5557521744,COMP248
1448,Anna Kowalski,37B,2024-09-13,1,207389,user448@company26.com,5552043809,COMP448
1094,Robert Brown,33A,2024-03-15,1,479029,user94@example.com,5553336357,COMP094
1455,Lisa Anderson,25B,2024-06-07,1,469179,user455@company15.com,5553841752,COMP455
1195,Maria Garcia,12A,2024-03-15,0,130500,user195@example.com,5551949503,COMP195
1111,,37A,2024-03-15,1,110800,user111@example.com,5556280977,COMP111
1481,Lisa Anderson,20B,2024-06-02,0,310168,user481@company35.com,5551593794,COMP481
1281,Sofia Andersson,17B,2024-10-05,0,215423,user281@company43.com,5556312754,COMP281
1321,Fatima Al-Zahra,23A,2024-08-14,1,131692,user321@company42.com,5552555415,COMP321
1496,David Chen,26C,2024-06-16,1,373427,user496@company26.com,5558272249,COMP496
1395,Carlos Rodriguez,39B,2024-02-26,1,435924,user395@company15.com,5557638722,COMP395
1127,Mohammad Ali,13A,2024-03-15,,154600,user127@example.com,5551157008,COMP127
1285,Sofia Andersson,8,2024-01-07,1,406799,user285@company50.com,5557512845,COMP285
1034,Sarah Johnson,45A,2024-03-15,1,299500,,5555058736,COMP034
1037,Michael Taylor,16A,2024-03-15,1,129000,,5552363441,COMP037
1243,Michael Taylor,21B,2024-07-14,0,476728,user243@company8.com,5559511658,COMP243
1061,Sarah Johnson,46A,2024-03-15,1,275000,user61@example.com,5555878149,COMP061
1485,Diego Martinez,15C,2024-06-23,1,298146,user485@company2.com,5558310103,COMP485
1382,Carlos Rodriguez,8C,2024-02-13,0,426934,user382@company15.com,5557866462,COMP382
1365,John Smith,5A,2024-06-11,0,288826,user365@company41.com,5556104488,COMP365
1196,Maria Garcia,31A,,1,295600,user196@example.com,5551022184,COMP196
1315,Diego Martinez,17A,2024-04-08,1,57880,user315@company26.com,5552507289,COMP315
1467,Elena Petrov,49C,2024-03-07,0,457279,user467@company3.com,5553752066,COMP467
1073,Fatima Al-Zahra,30A,2024-03-15,1,378186,user73@example.com,5559890280,COMP073
1476,Mohammad Ali,49A,2024-02-08,1,97024,user476@company41.com,5557719416,COMP476
,James Wilson,47A,2024-03-15,1,74600,user103@example.com,5555797502,COMP103
1295,James Wilson,10C,2024-10-25,0,309819,user295@company16.com,5551691843,COMP295
1424,Yuki Tanaka,16,2024-06-21,1,222054,user424@company49.com,5551924860,COMP424
1080,James Wilson,50A,2024-03-15,1,78500,user80@example.com,9284124912,COMP080
1461,Robert Brown,15,2024-08-04,0,315567,user461@company13.com,5559945668,COMP461
1048,Mr. Yuki Tanaka Jr.,13A,2024-03-15,1,207400,user48@example.com,5552240551,COMP048
1119,Ahmed Hassan,38A,2024-03-15,1,99900,,5559999374,COMP119
1113,Ahmed Hassan,42A,2024-03-15,1,190900,user113@domain.com,5558599920,COMP113
1175,John Smith,20A,2024-03-15,1,124400,user175@example.com,5556740154,COMP175
1007,Robert Brown,29A,2024-03-15,1,119897,user7@example.com,5554945870,COMP007
1078,David Chen,25A,2024-03-15,1,169200,,5556417739,COMP078
1250,Anna Kowalski,22,2024-10-21,1,289871,user250@company46.com,5552428159,COMP250
1229,Maria Garcia,37B,2024-02-21,0,411728,user229@company1.com,5551249637,COMP229
1009,Diego Martinez,8A,2024-03-15,1,42182,user9@example.com,5556779712,COMP009
1154,Fatima Al-Zahra,1A,2024-08-07,1,287100,user154@example.com,5559878567,COMP154
1352,Anna Kowalski,9,2024-01-01,1,125951,user352@company50.com,5559694787,COMP352
1291,James Wilson,43A,2024-08-23,0,454591,user291@company13.com,5552562556,COMP291
1444,Diego Martinez,44C,2024-09-24,0,475013,user444@company30.com,5551382111,COMP444
1427,Robert Brown,47C,2024-08-27,0,448287,user427@company30.com,5552027147,COMP427
1345,Carlos Rodriguez,22B,2024-04-17,0,54447,user345@company20.com,5557217004,COMP345
1186,Emma Thompson,25A,2024-03-15,1,72700,user186@example.com,3568078763,COMP186
1091,Emma Thompson,17A,2024-03-15,1,146500,user91@example.com,5536241983,COMP091
1153,Maria Garcia,44A,2024-03-15,1,48872,user153@example.com,5558293694,COMP153
1058,Anna Kowalski,14A,2024-03-15,1,42287,user58@example.com,5556699231,COMP058
1115,Ahmed Hassan,8A,2024-03-15,1,160000,,5556521199,COMP115
1263,James Wilson,30B,2024-11-07,0,221746,user263@company21.com,5554293705,COMP263
1194,Maria Garcia,7A,2024-03-15,1,200700,user194@example.com,,COMP194
1390,James Wilson,43,2024-01-21,1,264694,user390@company48.com,5556372185,COMP390
1030,David Chen,1A,2024-03-15,1,157400,user30@example.com,5554501860,COMP030
1394,James Wilson,12C,2024-02-23,0,64366,user394@company26.com,5554820484,COMP394
1491,Lisa Anderson,4A,2024-04-01,1,205869,user491@company18.com,5554573749,COMP491
1419,Sarah Johnson,40,2024-01-28,1,85178,user419@company32.com,5558727434,COMP419
1046,Emma Thompson,33A,2024-03-15,1,126729,user46@example.com,5559148998,COMP046
1051,Sofia Andersson,29A,2024-03-15,1,231900,user51@example.com,,COMP051
1176,Kevin O'Brien,46A,2024-03-15,1,88800,user176@example.com,5557979534,COMP176
1237,Diego Martinez,26,2024-02-14,0,431655,user237@company26.com,5551886731,COMP237
1130,Diego Martinez,50A,,1,141800,user130@example.com,5554876032,COMP130
1489,Diego Martinez,19B,2024-04-21,1,474116,user489@company27.com,5553958206,COMP489
1466,Fatima Al-Zahra,13,2024-03-26,1,67995,user466@company17.com,5551224743,COMP466
1470,Yuki Tanaka,40,2024-07-19,0,121222,user470@company29.com,5551027853,COMP470
1152,Fatima Al-Zahra,50A,2024-03-15,1,262200,user152@example.com,5551675198,???
1307,Ahmed Hassan,44A,2024-02-13,0,487556,user307@company15.com,5556770687,COMP307
1379,John Smith,24C,2024-09-12,0,343124,user379@company39.com,5556487312,COMP379
1156,Priya Sharma,24A,2024-05-25,1,74200,user156@example.com,5554536912,COMP156
1302,Emma Thompson,48C,2024-02-27,1,287354,user302@company14.com,5554752808,COMP302
1325,David Chen,34A,2024-05-14,1,358248,user325@company6.com,5552305469,COMP325
1411,John Smith,44,2024-08-25,0,244517,user411@company32.com,5559074091,COMP411
125,Anna Kowalski,50A,2024-03-15,1,206500,user125@example.com,5554237346,COMP125
1288,Sarah Johnson,30B,2024-08-22,1,329846,user288@company18.com,5558130164,COMP288
162,David Chen,49A,2024-03-15,1,166600,user162@example.com,5551052015,COMP162
1255,Ahmed Hassan,35B,2024-06-28,1,170249,user255@company19.com,5557908127,COMP255
1129,Diego Martinez,1A,2024-03-15,1,-30500,user129@example.com,5553597364,COMP129
1177,Michael Taylor,4A,2024-03-15,1,111900,user177@example.com,5555817921,COMP177
15,Kevin O'Brien,9A,2024-03-15,1,201500,user15@example.com,5553874603,COMP015
1031,Kevin O'Brien,10A,2024-03-15,1,197700,user31@example.com,5555024718,COMP29
1478,John Smith,34B,2024-08-24,0,260127,user478@company31.com,5559290605,COMP478
1412,Diego Martinez,27,2024-12-02,1,350245,user412@company19.com,5557011184,COMP412
1016,Kevin O'Brien,37A,2024-03-15,1,150243,user16@example.com,5554884518,COMP016
1244,Yuki Tanaka,49B,2024-01-28,1,70095,user244@company34.com,5557377756,COMP244
1169,Robert Brown,50A,2024-03-15,1,0,user169@example.com,5559955316,COMP169
1150,,1A,2024-03-15,1,150500,user150@example.com,5551178369,COMP150
1253,Lisa Anderson,14,2024-12-04,0,477005,user253@company12.com,5555359601,COMP253
1482,Michael Taylor,16A,2024-04-23,1,438035,user482@company17.com,5558426079,COMP482
1367,John Smith,41C,2024-02-20,1,122345,user367@company47.com,5551121058,COMP367
1254,Anna Kowalski,16C,2024-09-17,1,221147,user254@company48.com,5555969464,COMP254
1318,Lisa Anderson,21,2024-01-26,0,409750,user318@company16.com,5556303823,COMP318
1397,Maria Garcia,27B,2024-11-15,0,364658,user397@company33.com,5552339899,COMP397
1044,David Chen,48A,2024-03-15,1,-79900,user44@example.com,5556215894,COMP044
1283,Michael Taylor,10A,2024-08-01,1,275520,user283@company33.com,5558519631,COMP283
1209,Priya Sharma,3B,2024-06-13,0,363605,user209@company46.com,5555397192,COMP209
1008,James Wilson,50A,2024-03-15,1,241500,user8@example.com,5555821704,COMP008
1133,John Smith,42A,2024-03-15,1,0,user133@example.com,5559266244,COMP133
1143,Lisa Anderson,13A,2024-03-15,1,12314,user143@example.com,5554094020,COMP143
1210,Yuki Tanaka,40B,2024-10-06,1,333319,user210@company49.com,5559928420,COMP210
1358,Anna Kowalski,13,2024-03-08,1,421525,user358@company44.com,5555779259,COMP358
1071,Sofia Andersson,41A,2024-03-15,1,53900,,5551099348,COMP071
1136,Mr. Robert Brown Jr.,3A,2024-03-15,1,248500,user136@example.com,5558570924,COMP136
1040,John Smith,,2024-03-15,1,165100,user40@example.com,5556489093,COMP040
1018,Robert Brown,31A,2024-03-15,1,289600,user18@example.com,5556147966,COMP018
1232,Lisa Anderson,34A,2024-11-28,0,474075,user232@company12.com,5557812088,COMP232
1211,Lisa Anderson,38,2024-03-24,1,228567,user211@company41.com,5551642797,COMP211
1495,Kevin O'Brien,40,2024-02-11,1,460949,user495@company24.com,5551668067,COMP495
1090,Lisa Anderson,32A,2024-03-15,1,76500,user90@example.com,,COMP090
1141,,37A,2024-03-15,1,158400,user141@example.com,5553087199,COMP141
1410,Maria Garcia,19C,2024-10-22,0,417868,user410@company49.com,5559905418,COMP410
1289,Sarah Johnson,40C,2024-11-19,1,489593,user289@company47.com,5556807391,COMP289
1383,Fatima Al-Zahra,22B,2024-08-15,1,255469,user383@company50.com,5555363519,COMP383
1225,Yuki Tanaka,24A,2024-07-22,1,140674,user225@company6.com,5553037807,COMP225
1438,Sarah Johnson,16A,2024-08-10,1,163411,user438@company1.com,5557111287,COMP438
1423,Robert Brown,17,2024-04-24,1,215018,user423@company27.com,5559777235,COMP423
1110,Mohammad Ali,8A,2024-03-15,1,294700,,5558442736,COMP110
1267,Lisa Anderson,24B,2024-04-19,1,160268,user267@company17.com,5551114501,COMP267
1313,Ahmed Hassan,28C,2024-09-24,0,100510,user313@company45.com,5556205584,COMP313
77,Kevin O'Brien,4A,2024-03-15,1,198000,user77@example.com,5551878777,COMP077
1214,Anna Kowalski,43B,2024-08-18,0,340745,user214@company9.com,5556180449,COMP214
1498,Priya Sharma,41,2024-06-11,0,457951,user498@company43.com,5551691895,COMP498
1469,Michael Taylor,24C,2024-02-07,0,339471,user469@company1.com,5555468801,COMP469
1079,Fatima Al-Zahra,37A,2024-03-15,1,0,user79@example.com,5558984321,COMP079
1334,John Smith,42C,2024-05-22,0,357681,user334@company33.com,5555900631,COMP334
1235,Kevin O'Brien,10A,2024-09-02,0,355315,user235@company9.com,5558446549,COMP235
1002,Robert Brown,29A,2024-03-15,1,99250,user2@example.com,5559255181,COMP002
1203,Emma Thompson,12A,2024-09-21,1,403636,user203@company26.com,5556289936,COMP203
1306,Lisa Anderson,10A,2024-03-12,1,285505,user306@company13.com,5559358272,COMP306
1059,Mr. Ahmed Hassan Jr.,17A,2024-03-15,1,169400,user59@example.com,5557404825,COMP059
1381,Robert Brown,35B,2024-04-17,1,231780,user381@company41.com,5555250978,COMP381
1488,James Wilson,49B,2024-12-01,1,146238,user488@company31.com,5556303034,COMP488
1376,Lisa Anderson,40A,2024-05-19,1,288736,user376@company44.com,5557130424,COMP376
1308,Fatima Al-Zahra,4,2024-12-01,0,481983,user308@company25.com,5556350504,COMP308
1128,John Smith,13A,2024-03-15,1,0,user128@example.com,5554473326,COMP128
1451,Elena Petrov,35A,2024-05-14,0,298069,user451@company32.com,5551334907,COMP451
1062,Ahmed Hassan,36A,2024-03-15,1,398592,user62@example.com,5558400846,COMP062
1385,Sarah Johnson,32A,2024-07-05,1,401980,user385@company42.com,5552011917,COMP385
1240,Carlos Rodriguez,26,2024-07-05,0,137348,user240@company1.com,5555257555,COMP240
1139,Diego Martinez,1A,2024-03-15,1,172600,user139@example.com,15677411133,COMP139
1228,Kevin O'Brien,39B,2024-10-06,1,104604,user228@company42.com,5553052158,COMP228
1462,Robert Brown,13B,2024-01-22,1,459629,user462@company16.com,5555285565,COMP462
1339,Lisa Anderson,36A,2024-09-20,0,360150,user339@company15.com,5554770087,COMP339
1403,Kevin O'Brien,29C,2024-09-07,0,487424,user403@company15.com,5554674200,COMP403
1373,Priya Sharma,16C,2024-01-07,0,201957,user373@company16.com,5554558113,COMP373
,Maria Garcia,7A,2024-03-15,1,112000,user145@example.com,5553196024,COMP145
1490,Carlos Rodriguez,22,2024-01-01,1,227059,user490@company5.com,5559724751,COMP490
1477,Emma Thompson,14A,2024-10-26,0,330874,user477@company33.com,5557872563,COMP477
1375,Yuki Tanaka,43A,2024-10-22,0,394135,user375@company35.com,5554021358,COMP375
1070,Diego Martinez,12A,2024-03-15,1,71700,,5559584764,COMP070
1447,Sofia Andersson,43A,2024-06-04,1,81526,user447@company42.com,5553229773,COMP447
1456,Sarah Johnson,15,2024-05-22,0,477308,user456@company46.com,5558771684,COMP456
1282,Ahmed Hassan,2A,2024-03-14,1,234423,user282@company15.com,5555446708,COMP282
1239,Elena Petrov,34C,2024-10-12,1,90184,user239@company16.com,5551470033,COMP239
1010,Kevin O'Brien,22A,2024-03-15,1,112100,user10@example.com,5556763132,COMP010
1338,Ahmed Hassan,10,2024-08-11,1,108972,user338@company41.com,5555558884,COMP338
1464,Yuki Tanaka,37A,2024-01-27,1,259752,user464@company19.com,5556372318,COMP464
1346,Carlos Rodriguez,34,2024-12-03,0,229875,user346@company33.com,5555411113,COMP346
1386,James Wilson,37,2024-12-02,1,186929,user386@company21.com,5559232743,COMP386
1471,James Wilson,14C,2024-11-18,0,376324,user471@company26.com,5551378238,COMP471
1465,Sarah Johnson,12,2024-09-09,0,77656,user465@company4.com,5557566766,COMP465
1260,David Chen,46C,2024-02-03,1,87562,user260@company44.com,5557167676,COMP260
1378,David Chen,44B,2024-11-25,1,150035,user378@company34.com,5551330823,COMP378
1264,Robert Brown,5C,2024-05-20,1,451460,user264@company19.com,5553892814,COMP264
1234,Mohammad Ali,35B,2024-11-22,0,161964,user234@company48.com,5553117823,COMP234
1475,David Chen,6,2024-06-17,0,64426,user475@company29.com,5557290641,COMP475
1132,,42A,2024-03-15,1,252300,user132@example.com,5559320007,COMP132
1045,Lisa Anderson,24A,2024-03-15,1,199300,,5554172233,COMP045
1108,John Smith,19A,2024-03-15,1,63500,user108@example.com,5554741237,COMP9
1392,Elena Petrov,27C,2024-04-24,0,240266,user392@company9.com,5552791839,COMP392
1409,Ahmed Hassan,38,2024-11-06,1,364670,user409@company42.com,5556248220,COMP409
1355,Maria Garcia,24,2024-11-19,0,230188,user355@company38.com,5554347264,COMP355
1293,Kevin O'Brien,50B,2024-05-22,0,429816,user293@company21.com,5555437166,COMP293
1219,Sarah Johnson,41C,2024-01-13,0,365420,user219@company7.com,5555804170,COMP219
199,Robert Brown,38A,2024-03-15,1,120500,user199@example.com,5559161698,COMP199
1107,,15A,2024-03-15,1,203500,user107@example.com,5559640441,COMP107
1226,James Wilson,25C,2024-08-04,1,223468,user226@company8.com,5556354902,COMP226
1270,Elena Petrov,34A,2024-09-17,0,101784,user270@company42.com,5558901643,COMP270
1157,Maria Garcia,32A,2024-03-15,0,181300,user157@example.com,5559960068,COMP157
1024,Mr. Yuki Tanaka Jr.,44A,2024-03-15,1,187800,user24@example.com,5557108895,COMP024
1026,Maria Garcia,44A,2024-03-15,1,-18500,user26@example.com,5554206404,COMP026
1089,,38A,2024-03-15,1,63900,user89@example.com,5553764610,COMP089
96,Anna Kowalski,38A,2024-03-15,1,63100,user96@example.com,5557571553,COMP096
1179,Fatima Al-Zahra,44A,2024-03-15,1,231000,user179@example.com,5555558129,COMP179
1142,Elena Petrov,27A,2024-03-15,1,111200,user142@example.com,5557090876,COMP142
1155,Michael Taylor,37A,2024-03-15,1,262000,,5553890973,COMP155
1344,Diego Martinez,40C,2024-08-12,0,366747,user344@company1.com,5555695285,COMP344
1076,Sofia Andersson,40A,,1,93600,user76@example.com,5555000009,COMP076
1356,John Smith,20C,2024-04-05,0,274892,user356@company1.com,5557243023,COMP356
1310,Kevin O'Brien,18A,2024-12-15,0,147152,user310@company33.com,5551720556,COMP310
1311,Michael Taylor,16,2024-03-21,1,461199,user311@company5.com,5558383322,COMP311
1134,Anna Kowalski,20A,2024-03-15,1,82800,user134@example.com,3848952204,COMP134
1112,John Smith,33A,2024-03-15,1,112200,,5556582112,COMP112
1340,Fatima Al-Zahra,15A,2024-12-28,0,180047,user340@company49.com,5555380981,COMP340
1251,Maria Garcia,22A,2024-11-15,1,182408,user251@company31.com,5551852948,COMP251
1348,Anna Kowalski,34A,2024-11-16,0,59153,user348@company37.com,5551880107,COMP348
1204,John Smith,33,2024-12-26,0,403738,user204@company44.com,5552952968,COMP204
1147,Kevin O'Brien,37A,2024-03-15,1,93800,,5555883010,COMP147
1063,,19A,2024-03-15,1,230200,user63@example.com,5557628059,COMP063
1434,James Wilson,12,2024-07-20,0,222897,user434@company21.com,5552189131,COMP434
1445,Sarah Johnson,39C,2024-01-24,0,306020,user445@company35.com,5559606154,COMP445
1022,Sarah Johnson,8A,2024-03-15,1,0,user22@example.com,5555909941,COMP022
1452,Kevin O'Brien,39,2024-05-15,1,72430,user452@company30.com,5552655964,COMP452
1265,Kevin O'Brien,26A,2024-05-18,1,57548,user265@company6.com,5559509879,COMP265
189,Fatima Al-Zahra,20A,2024-03-15,1,108500,user189@example.com,5555920440,COMP189
1418,Sofia Andersson,32,2024-12-14,1,432148,user418@company19.com,5554846580,COMP418
1060,Diego Martinez,46A,2024-03-15,1,261400,user60@example.com,19631306417,COMP060
1217,Maria Garcia,28A,2024-04-06,0,284294,user217@company49.com,5553453449,COMP217
1006,Michael Taylor,35A,,1,74200,user6@example.com,5559837956,COMP006
1183,Priya Sharma,38A,2024-03-15,1,129100,,5555821846,COMP183
1097,Kevin O'Brien,39A,2024-03-15,1,62541,user97@example.com,5552899524,COMP097
1388,David Chen,38B,2024-02-03,0,418815,user388@company11.com,5554320573,COMP388
1401,James Wilson,36A,2024-10-16,0,285108,user401@company46.com,5551828877,COMP401
1192,Diego Martinez,2A,2024-03-15,1,291400,,5558872735,COMP192
1005,Emma Thompson,32A,2024-03-15,1,294100,user5@example.com,5558579436,COMP005
1414,Anna Kowalski,16B,2024-05-16,1,465063,user414@company22.com,5558650271,COMP414
1123,Sarah Johnson,12A,2024-03-15,0,299800,user123@example.com,5555810953,COMP123
1268,Emma Thompson,3A,2024-08-04,0,70219,user268@company17.com,5554439053,COMP268
1259,Maria Garcia,12A,2024-06-21,0,449373,user259@company35.com,5559312407,COMP259
1335,Mohammad Ali,3B,2024-07-14,1,87753,user335@company29.com,5556862354,COMP335
1275,Kevin O'Brien,31A,2024-12-05,1,322137,user275@company37.com,5552315404,COMP275
1069,,32A,2024-03-15,1,91300,user69@example.com,5559367773,COMP069
1028,Yuki Tanaka,,2024-03-15,1,254200,user28@example.com,5559657433,COMP028
1238,Carlos Rodriguez,13B,2024-05-12,0,445712,user238@company9.com,5558199931,COMP238
1114,Yuki Tanaka,44A,2024-03-15,1,107200,user114@example.com,5559199425,COMP82
1277,Robert Brown,43C,2024-04-15,1,82404,user277@company36.com,5555238109,COMP277
1206,Sofia Andersson,23B,2024-03-28,1,83284,user206@company32.com,5554101395,COMP206
1056,Robert Brown,36A,2024-03-15,1,57900,user56@example.com,5552509026,COMP056
1178,Robert Brown,10A,2024-03-15,1,66919,user178@example.com,5551335829,COMP178
1262,Priya Sharma,43B,2024-12-04,0,184483,user262@company20.com,5555130249,COMP262
1389,Maria Garcia,39,2024-10-14,0,419243,user389@company5.com,5551153947,COMP389
1417,Elena Petrov,39,2024-08-20,0,464440,user417@company47.com,5552100689,COMP417
1198,Priya Sharma,5A,2024-03-15,1,197200,user198@example.com,,COMP198
1236,Mohammad Ali,3,2024-05-12,1,263461,user236@company29.com,5553521225,COMP236
1474,Anna Kowalski,50C,2024-11-20,0,294465,user474@company44.com,5557805525,COMP474
1463,Anna Kowalski,11,2024-04-17,0,224355,user463@company32.com,5556899246,COMP463
1213,Maria Garcia,3B,2024-03-25,0,338784,user213@company49.com,5553157764,COMP213
1011,Anna Kowalski,44A,2024-03-15,1,244300,user11@example.com,5551340121,COMP011
1279,Sarah Johnson,49,2024-08-24,1,397527,user279@company4.com,5554586647,COMP279
1185,Ahmed Hassan,3A,2024-03-15,1,74800,user185@example.com,5558442655,COMP071
1212,John Smith,23B,2024-10-05,0,53698,user212@company19.com,5556223862,COMP212
1327,Ahmed Hassan,28,2024-09-28,1,482960,user327@company16.com,5553252562,COMP327
1163,Mohammad Ali,,2024-03-15,1,253000,user163@example.com,5552131262,COMP163
1188,Priya Sharma,36A,,1,268700,user188@example.com,5556308507,COMP188
1205,Mohammad Ali,11,2024-09-15,0,261037,user205@company15.com,5553136323,COMP205
1458,John Smith,32C,2024-12-14,0,102567,user458@company2.com,5557142724,COMP458
1072,Sofia Andersson,1A,2024-03-15,1,168100,,5557537925,COMP072
1231,Emma Thompson,40B,2024-02-18,1,433802,user231@company5.com,5555146124,COMP231
1087,Emma Thompson,48A,2024-03-15,1,125600,user87@example.com,5559895333,COMP087
1117,,36A,2024-03-15,1,242500,user117@example.com,5552451244,COMP117
1054,Priya Sharma,8A,2024-03-15,1,0,user54@example.com,5558652475,COMP054
1393,Yuki Tanaka,5B,2024-08-14,1,362650,user393@company12.com,5554261767,COMP393
1257,Michael Taylor,9C,2024-12-28,0,92415,user257@company37.com,5552413309,COMP257
1361,Elena Petrov,25B,2024-09-24,1,119112,user361@company17.com,5559719206,COMP361
1441,Mohammad Ali,32C,2024-04-20,1,411335,user441@company26.com,5554841095,COMP441
1104,John Smith,26A,2024-03-15,1,120700,user104@example.com,,COMP104
1349,Maria Garcia,47A,2024-05-28,0,490395,user349@company15.com,5555288453,COMP349
1025,Carlos Rodriguez,6A,2024-03-15,1,93000,user25@example.com,1515404890,COMP025
1098,Lisa Anderson,40A,2024-03-15,1,36973,user98@example.com,5555071343,COMP098
1166,Elena Petrov,34A,2024-03-15,1,55800,,5556021124,COMP166
1336,David Chen,43,2024-09-25,0,86509,user336@company19.com,5556664312,COMP336
1197,Sofia Andersson,9A,2024-03-15,0,58800,user197@example.com,5554622441,COMP197
1252,Priya Sharma,8A,2024-10-28,1,220262,user252@company3.com,5557710916,COMP252
1280,Maria Garcia,49A,2024-11-24,0,474159,user280@company37.com,5553002537,COMP280
1184,Mohammad Ali,,2024-03-15,1,91300,user184@example.com,5556913434,COMP184
1493,James Wilson,47,2024-03-20,1,413519,user493@company48.com,5559462196,COMP493
1172,Priya Sharma,6A,2024-03-15,1,275700,,5554464053,COMP172
1100,John Smith,8A,2024-03-15,1,250300,user100@example.com,9285655180,COMP100
1384,Ahmed Hassan,24B,2024-04-10,0,55300,user384@company25.com,5554816601,COMP384
1216,Fatima Al-Zahra,2C,2024-09-10,1,95382,user216@company3.com,5556447513,COMP216
1497,Sofia Andersson,47,2024-04-24,1,445243,user497@company45.com,5557852228,COMP497
1304,James Wilson,39C,2024-12-10,1,240696,user304@company33.com,5554541998,COMP304
1331,Yuki Tanaka,21A,2024-02-22,0,206492,user331@company14.com,5554039214,COMP331
1432,Kevin O'Brien,5,2024-04-17,0,477503,user432@company10.com,5552781583,COMP432
1399,Robert Brown,5A,2024-11-07,0,309004,user399@company17.com,5555221370,COMP399
1068,Carlos Rodriguez,36A,2024-03-15,1,217300,user68@example.com,5553524868,COMP49
1319,Sofia Andersson,4,2024-10-14,0,70866,user319@company26.com,5554718483,COMP319
1324,Emma Thompson,42A,2024-11-25,1,409989,user324@company31.com,5551052714,COMP324
1144,Ahmed Hassan,23A,2024-03-15,1,177500,user144@example.com,5558223828,COMP067
1342,Carlos Rodriguez,14C,2024-10-07,0,283079,user342@company10.com,5556169903,COMP342
1106,James Wilson,8,2024-03-15,1,85000,user106@example.com,5558489077,COMP106
1425,Yuki Tanaka,41C,2024-05-22,0,206048,user425@company1.com,5556618268,COMP425
1247,Michael Taylor,26,2024-02-25,0,78015,user247@company9.com,5558655908,COMP247
1066,Emma Thompson,30A,2024-03-15,1,273900,user66@domain.com,5553728850,COMP066
1407,Sarah Johnson,34A,2024-08-25,0,203544,user407@company20.com,5558512713,COMP407
1416,Emma Thompson,41A,2024-09-03,0,496208,user416@company43.com,5558597842,COMP416
1174,Elena Petrov,49A,2024-03-15,1,296900,user174@example.com,5554543747,COMP99
1274,Robert Brown,43B,2024-07-27,1,197492,user274@company20.com,5554430244,COMP274
1083,Sarah Johnson,1APT16,2024-03-15,1,151500,user83@example.com,5553517633,COMP083
1165,Ahmed Hassan,6A,2024-03-15,1,333420,user165@example.com,5554664048,COMP165
1363,Priya Sharma,14A,2024-06-18,1,169008,user363@company2.com,5557563674,COMP363
1122,Emma Thompson,45A,,1,222500,user122@example.com,5559782488,COMP122
1023,Mohammad Ali,39A,,1,182900,user23@example.com,5558455250,COMP023
1065,Anna Kowalski,28A,2024-03-15,1,84800,user65@example.com,5558944158,COMP065
1404,Robert Brown,47,2024-03-15,1,94250,user404@company43.com,5551004492,COMP404
1354,Anna Kowalski,2B,2024-09-22,0,72787,user354@company15.com,5558928148,COMP354
1047,Mohammad Ali,41A,2024-03-15,1,271500,user47@example.com,6692388522,COMP047
1227,Anna Kowalski,41A,2024-09-08,0,312400,user227@company11.com,5551534256,COMP227
1273,Sofia Andersson,20B,2024-06-23,1,395523,user273@company14.com,5552973794,COMP273
118,Lisa Anderson,47A,2024-03-15,1,296100,user118@example.com,5551737763,COMP118
1064,Michael Taylor,18A,,1,184500,user64@example.com,5552112168,COMP064
1487,Elena Petrov,32A,2024-07-07,1,481866,user487@company49.com,5552409240,COMP487
1357,Kevin O'Brien,29C,2024-03-21,1,219533,user357@company11.com,5557860831,COMP357
1301,Carlos Rodriguez,28C,2024-02-13,0,232901,user301@company40.com,5555889635,COMP301
1220,John Smith,49C,2024-08-20,1,409171,user220@company42.com,5554337423,COMP220
1241,Anna Kowalski,3C,2024-10-12,0,318704,user241@company47.com,5552331011,COMP241
1146,John Smith,24A,2024-03-15,1,219700,user146@example.com,9536487090,COMP146
1460,Maria Garcia,28,2024-03-10,0,374390,user460@company2.com,5558062787,COMP460
1222,Priya Sharma,19B,2024-04-11,1,466494,user222@company47.com,5557023105,COMP222
,Mohammad Ali,28A,2024-03-15,1,244600,user182@example.com,5551610152,COMP182
1001,,43A,2024-03-15,1,135400,user1@example.com,5557496885,COMP001
1038,Maria Garcia,47A,2024-03-15,1,113300,user38@example.com,5559587652,COMP038
1095,Michael Taylor,14A,2024-06-11,1,249300,user95@example.com,5553798672,COMP095
1364,Emma Thompson,2,2024-10-05,0,121515,user364@company45.com,5559310035,COMP364
1168,Carlos Rodriguez,43A,2024-03-15,0,180800,user168@example.com,5554413895,COMP168
1439,Ahmed Hassan,38A,2024-04-13,0,487952,user439@company34.com,5556984620,COMP439
1088,Maria Garcia,34A,,1,229400,user88@example.com,5555455079,COMP088
1440,Ahmed Hassan,36A,2024-05-15,0,280284,user440@company31.com,5553124514,COMP440
1180,Priya Sharma,26A,2024-03-15,1,155000,,5551710371,COMP180
1398,Yuki Tanaka,37,2024-04-15,0,112494,user398@company27.com,5552122087,COMP398
1092,Maria Garcia,7A,2024-03-15,1,139400,user92@example.com,,COMP092
1351,Ahmed Hassan,23,2024-10-02,1,325997,user351@company49.com,5558452142,COMP351
1245,Sofia Andersson,11B,2024-05-15,0,135398,user245@company32.com,5551114130,COMP245
1430,Mohammad Ali,2C,2024-07-08,0,194758,user430@company1.com,5552501894,COMP430
1261,Anna Kowalski,35A,2024-07-19,1,375534,user261@company47.com,5552625363,COMP261
1429,Sarah Johnson,39A,2024-11-14,1,230004,user429@company24.com,5554151598,COMP429
1287,James Wilson,5,2024-03-26,0,216291,user287@company46.com,5556619390,COMP287
1428,James Wilson,26A,2024-08-24,1,233270,user428@company24.com,5556692599,COMP428
1121,Emma Thompson,48A,2024-03-15,1,-74200,user121@example.com,5553535058,COMP121
1272,Fatima Al-Zahra,13B,2024-11-17,1,331294,user272@company50.com,5551754301,COMP272
1337,Emma Thompson,3B,2024-05-20,0,499969,user337@company1.com,5554217538,COMP337
1086,Lisa Anderson,30A,2024-03-15,1,0,user86@example.com,5557314831,COMP086
1480,Michael Taylor,29A,2024-01-18,1,145735,user480@company12.com,5553078056,COMP480
1021,Sofia Andersson,44A,2024-03-15,1,0,user21@example.com,5552866005,COMP021
1029,Lisa Anderson,20A,2024-03-15,,166300,user29@example.com,5559499800,COMP029
1039,Sarah Johnson,21A,2024-03-15,1,75500,,5555000006,COMP039
1181,Priya Sharma,27A,2024-03-15,1,294000,user181@example.com,6418637235,COMP181
1405,Maria Garcia,29C,2024-09-14,0,237361,user405@company33.com,5558936775,COMP405
1297,Diego Martinez,34B,2024-12-04,0,194373,user297@company36.com,5559301372,COMP297
1151,John Smith,22A,2024-03-15,1,269700,user151@example.com,5559432268,COMP052
1326,Emma Thompson,15,2024-12-18,1,96228,user326@company38.com,5551630562,COMP326
1473,Michael Taylor,16,2024-10-12,0,190483,user473@company24.com,5554359881,COMP473
1223,Sarah Johnson,35,2024-07-17,1,366004,user223@company17.com,5558234315,COMP223
1148,Robert Brown,24A,2024-03-15,1,157800,,5559120743,COMP148
1426,Sofia Andersson,6A,2024-10-13,0,249409,user426@company36.com,5557778584,COMP426
1296,Sofia Andersson,15C,2024-02-11,1,492259,user296@company34.com,5554610520,COMP296
1420,Ahmed Hassan,11A,2024-05-12,1,437471,user420@company20.com,5552390322,COMP420
1013,Kevin O'Brien,35A,,1,131800,user13@example.com,5559716763,COMP013
1396,James Wilson,38,2024-05-15,1,354453,user396@company49.com,5554560327,COMP396
1408,John Smith,1A,2024-12-03,1,92641,user408@company31.com,5556017802,COMP408
1242,Carlos Rodriguez,31A,2024-08-01,0,446871,user242@company35.com,5555562140,COMP242
1101,Elena Petrov,30A,2024-03-15,1,53500,user101@example.com,5556647926,COMP018
1202,Ahmed Hassan,47,2024-11-07,1,242251,user202@company22.com,5552415255,COMP202
1084,,3A,2024-03-15,1,148400,user84@example.com,5555494647,COMP084
1167,James Wilson,20A,2024-05-12,1,283100,user167@example.com,5559304122,COMP167
1341,James Wilson,33,2024-11-08,1,413117,user341@company38.com,5559625495,COMP341
1221,Sofia Andersson,28,2024-12-05,1,288609,user221@company34.com,5552584523,COMP221
1033,Yuki Tanaka,32A,2024-03-15,,225300,user33@example.com,5553022058,COMP033
1138,Mohammad Ali,44A,2024-03-15,1,259600,user138@example.com,,COMP138
1322,Anna Kowalski,50A,2024-11-01,1,63428,user322@company11.com,5553378698,COMP322
1052,Sarah Johnson,27A,2024-03-15,1,50600,user52@example.com,5554684939,
1190,James Wilson,48A,2024-03-15,1,0,user190@example.com,5559818776,COMP190
1126,Maria Garcia,16A,2024-03-15,1,153700,user126@example.com,5558742127,COMP126
1246,Ahmed Hassan,22C,2024-03-14,0,108023,user246@company45.com,5551952003,COMP246
1350,Ahmed Hassan,44B,2024-03-01,0,129289,user350@company1.com,5559114290,COMP350
1472,David Chen,24C,2024-05-27,0,220222,user472@company16.com,5552349328,COMP472
1406,Michael Taylor,14B,2024-11-20,1,458639,user406@company40.com,5557153912,COMP406
1359,Kevin O'Brien,4B,2024-12-24,1,384788,user359@company25.com,5558308447,COMP359
1057,Diego Martinez,26A,2024-03-15,1,246200,user57@example.com,5553290175,COMP041
1446,Priya Sharma,38A,2024-09-27,0,456359,user446@company15.com,5554860389,COMP446
1413,Ahmed Hassan,13,2024-11-11,1,194486,user413@company15.com,5551863505,COMP413
1187,Anna Kowalski,32A,2024-03-15,1,0,user187@example.com,5555471543,COMP187
1173,James Wilson,12A,2024-03-15,1,169400,user173@example.com,3771261491,COMP173
1369,Michael Taylor,13B,2024-05-02,1,346568,user369@company4.com,5554295281,COMP369
1323,Sofia Andersson,22B,2024-12-12,1,181301,user323@company34.com,5551639885,COMP323
1435,Mohammad Ali,10,2024-07-27,0,334209,user435@company43.com,5552334120,COMP435
1043,Robert Brown,37A,2024-03-15,1,285100,,5553533821,COMP043
,Lisa Anderson,49A,2024-03-15,1,93800,user55@example.com,5552540377,COMP055
1494,Ahmed Hassan,9C,2024-02-06,1,271278,user494@company4.com,5555938743,COMP494
85,David Chen,50A,2024-03-15,1,297300,user85@example.com,5555124300,COMP085
1081,Carlos Rodriguez,4A,2024-03-15,1,292200,user81@example.com,5555457090,COMP081
1436,Lisa Anderson,39B,2024-01-25,0,382454,user436@company8.com,5552106194,COMP436
1380,Sarah Johnson,49,2024-05-08,0,335967,user380@company16.com,5554658882,COMP380
1249,Sarah Johnson,26C,2024-08-05,1,297095,user249@company8.com,5554935966,COMP249
1035,Carlos Rodriguez,50A,2024-03-15,1,461885,user35@example.com,5551210486,COMP035
1082,John Smith,13A,2024-03-15,1,0,user82@example.com,5554567810,COMP082
1402,David Chen,43,2024-06-01,1,94859,user402@company26.com,5556786480,COMP402
1468,Lisa Anderson,22,2024-11-12,0,327540,user468@company26.com,5556945817,COMP468
1049,Carlos Rodriguez,41A,2024-03-15,1,0,user49@example.com,5551603269,COMP049
1457,John Smith,38,2024-11-28,0,403048,user457@company30.com,5553801463,COMP457
1374,Michael Taylor,49B,2024-12-05,0,378907,user374@company9.com,5559294494,COMP374
1276,Michael Taylor,14C,2024-09-08,1,468566,user276@company37.com,5551422299,COMP276
1003,James Wilson,11A,2024-03-15,1,245000,user3@example.com,,COMP003
1105,,48A,2024-03-15,1,68300,user105@example.com,5557003621,COMP105
1041,Kevin O'Brien,15A,2024-03-15,1,261800,,5556560784,COMP041
1422,David Chen,9,2024-04-09,0,281391,user422@company25.com,5553044647,COMP422
1019,James Wilson,13A,,1,142100,user19@example.com,5554177213,COMP019
1004,Yuki Tanaka,44A,2024-03-15,1,300000,user4@example.com,5555396104,COMP004
1171,John Smith,19A,2024-03-15,1,234400,user171@example.com,6609122962,COMP171
1305,John Smith,30B,2024-10-14,1,72685,user305@company23.com,5551203162,COMP305
1330,Yuki Tanaka,20C,2024-05-04,1,131261,user330@company32.com,5556804727,COMP330
1284,Anna Kowalski,25B,2024-10-05,1,56071,user284@company29.com,5557537140,COMP284
1333,Robert Brown,33B,2024-10-19,0,127900,user333@company39.com,5558701315,COMP333
1012,Yuki Tanaka,12A,2024-03-15,1,136400,user12@example.com,,COMP012
1160,Kevin O'Brien,25A,2024-03-15,1,297700,user160@example.com,,COMP160
1050,Mr. Priya Sharma Jr.,38A,2024-03-15,1,268200,user50@example.com,5556612838,COMP050
1286,David Chen,7,2024-03-22,1,244670,user286@company47.com,5556441633,COMP286
1492,Anna Kowalski,15C,2024-07-05,1,355132,user492@company44.com,5551803662,COMP492
1224,Diego Martinez,15C,2024-01-22,0,283567,user224@company37.com,5555282247,COMP224
1193,Michael Taylor,11A,2024-08-02,1,294100,user193@example.com,5556459181,COMP193
1135,,13A,2024-03-15,1,56300,user135@example.com,5556365602,COMP135
1499,Sofia Andersson,34B,2024-08-12,0,459266,user499@company34.com,5555553879,COMP499
1233,Sofia Andersson,46C,2024-07-22,1,86062,user233@company42.com,5558306629,COMP233
1500,Maria Garcia,24A,2024-06-04,0,156097,user500@company41.com,5553746633,COMP500
1159,Carlos Rodriguez,10A,2024-03-15,1,70846,user159@example.com,5553068096,COMP159
1149,Ahmed Hassan,16A,2024-03-15,1,111600,user149@example.com,,COMP149
1371,David Chen,26A,2024-12-20,1,84300,user371@company37.com,5559392108,COMP371
1036,Yuki Tanaka,12A,2024-03-15,0,203400,user36@example.com,5559175251,COMP036
1161,John Smith,41A,2024-03-15,1,211700,user161@example.com,5555913629,COMP161
1454,Sofia Andersson,26A,2024-04-03,1,269789,user454@company15.com,5558759618,COMP454
1292,John Smith,17A,2024-12-22,1,343996,user292@company1.com,5551277850,COMP292
1309,Emma Thompson,40,2024-08-19,0,392975,user309@company44.com,5559074716,COMP309
1368,Kevin O'Brien,15A,2024-10-25,0,350416,user368@company33.com,5557829794,COMP368
1124,,22A,2024-03-15,1,85300,user124@example.com,5552625047,COMP124
,Anna Kowalski,45A,2024-03-15,1,92800,user109@example.com,5551625252,COMP109
1300,Kevin O'Brien,23,2024-12-01,1,104611,user300@company4.com,5553759446,COMP300
1360,Diego Martinez,25,2024-06-14,1,282206,user360@company39.com,5559106494,COMP360
1230,Ahmed Hassan,13B,2024-10-22,1,320447,user230@company18.com,5553875309,COMP230
1433,Fatima Al-Zahra,13A,2024-10-13,0,182368,user433@company12.com,5552716101,COMP433
1415,Carlos Rodriguez,33,2024-04-06,1,461861,user415@company27.com,5557961722,COMP415
1131,Sarah Johnson,16A,2024-03-15,1,109817,user131@example.com,5555471531,COMP131
1317,Fatima Al-Zahra,22,2024-07-18,1,202717,user317@company29.com,5559382754,COMP317
1164,Anna Kowalski,43APT11,2024-03-15,1,241900,user164@example.com,5559627086,COMP164
1294,Maria Garcia,39B,2024-10-18,1,309694,user294@company24.com,5558159729,COMP294
1450,Elena Petrov,36B,2024-02-20,0,169526,user450@company12.com,5555483807,COMP450
1303,Carlos Rodriguez,22,2024-02-14,1,321754,user303@company36.com,5557493800,COMP303
1316,Sofia Andersson,43B,2024-03-16,1,161703,user316@company20.com,5559620179,COMP316
1484,Sarah Johnson,14B,2024-02-01,0,180315,user484@company33.com,5556018558,COMP484
1027,Maria Garcia,30A,2024-03-15,1,188100,,5552897037,COMP027
1332,Fatima Al-Zahra,27B,2024-07-09,1,105890,user332@company35.com,5553268931,COMP332
1347,Emma Thompson,33C,2024-03-20,1,383904,user347@company15.com,5553124243,COMP347
1020,,15A,2024-03-15,1,153100,user20@example.com,5551693606,COMP020
1256,Lisa Anderson,50,2024-12-17,0,111203,user256@company36.com,5555055919,COMP256
